[{"model": "admin.logentry", "pk": 1, "fields": {"action_time": "2023-04-23T23:55:53.033Z", "user": 2, "content_type": 3, "object_id": "1", "object_repr": "Create_view user", "action_flag": 1, "change_message": "[{\"added\": {}}]"}}, {"model": "admin.logentry", "pk": 2, "fields": {"action_time": "2023-04-23T23:56:29.400Z", "user": 2, "content_type": 14, "object_id": "1", "object_repr": "clemcy9@gmail.com", "action_flag": 2, "change_message": "[{\"changed\": {\"fields\": [\"Groups\"]}}]"}}, {"model": "admin.logentry", "pk": 3, "fields": {"action_time": "2023-04-23T23:58:24.875Z", "user": 2, "content_type": 14, "object_id": "1", "object_repr": "clemcy9@gmail.com", "action_flag": 2, "change_message": "[{\"changed\": {\"fields\": [\"Staff status\"]}}]"}}, {"model": "admin.logentry", "pk": 4, "fields": {"action_time": "2023-04-24T00:05:01.089Z", "user": 2, "content_type": 10, "object_id": "1", "object_repr": "how old was Jesus when he began his earthly ministry?", "action_flag": 1, "change_message": "[{\"added\": {}}, {\"added\": {\"name\": \"choice\", \"object\": \"31\"}}, {\"added\": {\"name\": \"choice\", \"object\": \"12\"}}, {\"added\": {\"name\": \"choice\", \"object\": \"30\"}}]"}}, {"model": "admin.logentry", "pk": 5, "fields": {"action_time": "2023-04-24T00:05:38.494Z", "user": 2, "content_type": 10, "object_id": "2", "object_repr": "how old was Jesus when He died", "action_flag": 1, "change_message": "[{\"added\": {}}, {\"added\": {\"name\": \"choice\", \"object\": \"31\"}}, {\"added\": {\"name\": \"choice\", \"object\": \"33\"}}, {\"added\": {\"name\": \"choice\", \"object\": \"12\"}}]"}}, {"model": "admin.logentry", "pk": 6, "fields": {"action_time": "2023-04-24T00:06:18.886Z", "user": 2, "content_type": 10, "object_id": "3", "object_repr": "who was the earthly father of Jesus", "action_flag": 1, "change_message": "[{\"added\": {}}, {\"added\": {\"name\": \"choice\", \"object\": \"Joseph\"}}, {\"added\": {\"name\": \"choice\", \"object\": \"Peter\"}}, {\"added\": {\"name\": \"choice\", \"object\": \"Simon\"}}]"}}, {"model": "admin.logentry", "pk": 7, "fields": {"action_time": "2023-04-24T00:07:58.951Z", "user": 2, "content_type": 7, "object_id": "1", "object_repr": "SS1", "action_flag": 1, "change_message": "[{\"added\": {}}]"}}, {"model": "admin.logentry", "pk": 8, "fields": {"action_time": "2023-04-24T00:08:03.977Z", "user": 2, "content_type": 8, "object_id": "1", "object_repr": "SS1 CRK", "action_flag": 1, "change_message": "[{\"added\": {}}]"}}, {"model": "admin.logentry", "pk": 9, "fields": {"action_time": "2023-04-24T00:08:48.993Z", "user": 2, "content_type": 12, "object_id": "1", "object_repr": "SS1 1st term Exams 2022", "action_flag": 1, "change_message": "[{\"added\": {}}]"}}, {"model": "admin.logentry", "pk": 10, "fields": {"action_time": "2023-04-30T18:01:27.829Z", "user": 2, "content_type": 10, "object_id": "4", "object_repr": "who was Jesus most beloved deciple?", "action_flag": 1, "change_message": "[{\"added\": {}}, {\"added\": {\"name\": \"choice\", \"object\": \"John\"}}, {\"added\": {\"name\": \"choice\", \"object\": \"Peter\"}}, {\"added\": {\"name\": \"choice\", \"object\": \"Philip\"}}]"}}, {"model": "admin.logentry", "pk": 11, "fields": {"action_time": "2023-04-30T18:03:01.904Z", "user": 2, "content_type": 10, "object_id": "5", "object_repr": "How many disciples were with Jesus at the mount of Transfiguration?", "action_flag": 1, "change_message": "[{\"added\": {}}, {\"added\": {\"name\": \"choice\", \"object\": \"2\"}}, {\"added\": {\"name\": \"choice\", \"object\": \"3\"}}, {\"added\": {\"name\": \"choice\", \"object\": \"4\"}}]"}}, {"model": "admin.logentry", "pk": 12, "fields": {"action_time": "2023-04-30T18:04:50.585Z", "user": 2, "content_type": 10, "object_id": "6", "object_repr": "Why was John thrown into prison by Herod?", "action_flag": 1, "change_message": "[{\"added\": {}}, {\"added\": {\"name\": \"choice\", \"object\": \"He condemned Herod for taking his brothers wife Herodias\"}}, {\"added\": {\"name\": \"choice\", \"object\": \"He drag the kingdom with Herod\"}}, {\"added\": {\"name\": \"choice\", \"object\": \"he disturb the law makers\"}}]"}}, {"model": "admin.logentry", "pk": 13, "fields": {"action_time": "2023-04-30T18:05:38.040Z", "user": 2, "content_type": 12, "object_id": "1", "object_repr": "SS1 1st term Exams 2022", "action_flag": 2, "change_message": "[{\"changed\": {\"fields\": [\"Questions\"]}}]"}}, {"model": "admin.logentry", "pk": 14, "fields": {"action_time": "2023-05-05T19:11:56.719Z", "user": 2, "content_type": 12, "object_id": "1", "object_repr": "SS1 1st term Exams 2022", "action_flag": 2, "change_message": "[]"}}, {"model": "admin.logentry", "pk": 15, "fields": {"action_time": "2023-05-05T19:34:02.974Z", "user": 2, "content_type": 12, "object_id": "1", "object_repr": "SS1 1st term Exams 2022", "action_flag": 2, "change_message": "[{\"changed\": {\"fields\": [\"Max questions\"]}}]"}}, {"model": "admin.logentry", "pk": 16, "fields": {"action_time": "2023-05-05T19:35:45.707Z", "user": 2, "content_type": 17, "object_id": "2", "object_repr": "Sitting object (2)", "action_flag": 3, "change_message": ""}}, {"model": "admin.logentry", "pk": 17, "fields": {"action_time": "2023-05-05T19:38:57.608Z", "user": 2, "content_type": 17, "object_id": "3", "object_repr": "Sitting object (3)", "action_flag": 3, "change_message": ""}}, {"model": "admin.logentry", "pk": 18, "fields": {"action_time": "2023-05-05T19:53:32.318Z", "user": 2, "content_type": 17, "object_id": "4", "object_repr": "Sitting object (4)", "action_flag": 3, "change_message": ""}}, {"model": "admin.logentry", "pk": 19, "fields": {"action_time": "2023-05-07T16:44:47.495Z", "user": 2, "content_type": 17, "object_id": "6", "object_repr": "Sitting object (6)", "action_flag": 2, "change_message": "[{\"changed\": {\"fields\": [\"Unanswered Questions\", \"Failed Questions\", \"Passed Questions\"]}}]"}}, {"model": "admin.logentry", "pk": 20, "fields": {"action_time": "2023-05-07T16:59:56.683Z", "user": 2, "content_type": 17, "object_id": "6", "object_repr": "Sitting object (6)", "action_flag": 2, "change_message": "[{\"changed\": {\"fields\": [\"Answered Questions\"]}}]"}}, {"model": "admin.logentry", "pk": 21, "fields": {"action_time": "2023-05-07T17:43:11.505Z", "user": 2, "content_type": 17, "object_id": "6", "object_repr": "Sitting object (6)", "action_flag": 2, "change_message": "[{\"changed\": {\"fields\": [\"Answered Questions\", \"Unanswered Questions\", \"Is completed\"]}}]"}}, {"model": "admin.logentry", "pk": 22, "fields": {"action_time": "2023-05-07T17:46:56.062Z", "user": 2, "content_type": 17, "object_id": "6", "object_repr": "Sitting object (6)", "action_flag": 2, "change_message": "[{\"changed\": {\"fields\": [\"Answered Questions\", \"Unanswered Questions\", \"Is completed\"]}}]"}}, {"model": "admin.logentry", "pk": 23, "fields": {"action_time": "2023-05-07T17:59:30.718Z", "user": 2, "content_type": 17, "object_id": "6", "object_repr": "Sitting object (6)", "action_flag": 2, "change_message": "[{\"changed\": {\"fields\": [\"Answered Questions\", \"Unanswered Questions\", \"Is completed\"]}}]"}}, {"model": "admin.logentry", "pk": 24, "fields": {"action_time": "2023-05-07T18:03:26.996Z", "user": 2, "content_type": 17, "object_id": "6", "object_repr": "Sitting object (6)", "action_flag": 2, "change_message": "[{\"changed\": {\"fields\": [\"Answered Questions\", \"Unanswered Questions\", \"Is completed\"]}}]"}}, {"model": "admin.logentry", "pk": 25, "fields": {"action_time": "2023-05-07T18:06:07.166Z", "user": 2, "content_type": 17, "object_id": "6", "object_repr": "Sitting object (6)", "action_flag": 2, "change_message": "[{\"changed\": {\"fields\": [\"Answered Questions\", \"Unanswered Questions\", \"Is completed\"]}}]"}}, {"model": "admin.logentry", "pk": 26, "fields": {"action_time": "2023-05-07T18:11:37.995Z", "user": 2, "content_type": 17, "object_id": "6", "object_repr": "Sitting object (6)", "action_flag": 2, "change_message": "[{\"changed\": {\"fields\": [\"Answered Questions\", \"Unanswered Questions\", \"Question choice pair\", \"Is completed\"]}}]"}}, {"model": "admin.logentry", "pk": 27, "fields": {"action_time": "2023-05-07T18:14:48.623Z", "user": 2, "content_type": 17, "object_id": "6", "object_repr": "Sitting object (6)", "action_flag": 2, "change_message": "[{\"changed\": {\"fields\": [\"Question choice pair\"]}}]"}}, {"model": "admin.logentry", "pk": 28, "fields": {"action_time": "2023-05-07T18:18:42.851Z", "user": 2, "content_type": 17, "object_id": "6", "object_repr": "Sitting object (6)", "action_flag": 2, "change_message": "[{\"changed\": {\"fields\": [\"Answered Questions\", \"Unanswered Questions\", \"Question choice pair\", \"Is completed\"]}}]"}}, {"model": "admin.logentry", "pk": 29, "fields": {"action_time": "2023-05-07T23:29:28.161Z", "user": 2, "content_type": 17, "object_id": "6", "object_repr": "Sitting object (6)", "action_flag": 2, "change_message": "[{\"changed\": {\"fields\": [\"Answered Questions\", \"Unanswered Questions\", \"Is completed\"]}}]"}}, {"model": "admin.logentry", "pk": 30, "fields": {"action_time": "2023-05-07T23:35:02.446Z", "user": 2, "content_type": 17, "object_id": "6", "object_repr": "Sitting object (6)", "action_flag": 2, "change_message": "[{\"changed\": {\"fields\": [\"Answered Questions\", \"Unanswered Questions\", \"Question choice pair\", \"Is completed\"]}}]"}}, {"model": "admin.logentry", "pk": 31, "fields": {"action_time": "2023-05-08T00:04:08.509Z", "user": 2, "content_type": 17, "object_id": "6", "object_repr": "Sitting object (6)", "action_flag": 2, "change_message": "[{\"changed\": {\"fields\": [\"Answered Questions\", \"Unanswered Questions\", \"Is completed\"]}}]"}}, {"model": "admin.logentry", "pk": 32, "fields": {"action_time": "2023-05-08T11:12:08.649Z", "user": 2, "content_type": 17, "object_id": "6", "object_repr": "Sitting object (6)", "action_flag": 2, "change_message": "[{\"changed\": {\"fields\": [\"Answered Questions\", \"Unanswered Questions\", \"Is completed\"]}}]"}}, {"model": "admin.logentry", "pk": 33, "fields": {"action_time": "2023-05-08T11:51:07.564Z", "user": 2, "content_type": 17, "object_id": "6", "object_repr": "Sitting object (6)", "action_flag": 2, "change_message": "[{\"changed\": {\"fields\": [\"Answered Questions\", \"Unanswered Questions\", \"Is completed\"]}}]"}}, {"model": "admin.logentry", "pk": 34, "fields": {"action_time": "2023-05-08T12:10:24.433Z", "user": 2, "content_type": 17, "object_id": "6", "object_repr": "Sitting object (6)", "action_flag": 2, "change_message": "[{\"changed\": {\"fields\": [\"Answered Questions\", \"Unanswered Questions\", \"Is completed\"]}}]"}}, {"model": "admin.logentry", "pk": 35, "fields": {"action_time": "2023-05-08T13:54:33.062Z", "user": 2, "content_type": 17, "object_id": "6", "object_repr": "Sitting object (6)", "action_flag": 2, "change_message": "[{\"changed\": {\"fields\": [\"Answered Questions\", \"Unanswered Questions\", \"Is completed\"]}}]"}}, {"model": "admin.logentry", "pk": 36, "fields": {"action_time": "2023-05-08T15:34:29.808Z", "user": 2, "content_type": 17, "object_id": "6", "object_repr": "Sitting object (6)", "action_flag": 2, "change_message": "[{\"changed\": {\"fields\": [\"Answered Questions\", \"Unanswered Questions\", \"Question choice pair\", \"Is completed\", \"Current score\"]}}]"}}, {"model": "admin.logentry", "pk": 37, "fields": {"action_time": "2023-05-08T15:38:54.314Z", "user": 2, "content_type": 17, "object_id": "6", "object_repr": "Sitting object (6)", "action_flag": 2, "change_message": "[{\"changed\": {\"fields\": [\"Answered Questions\", \"Unanswered Questions\", \"Question choice pair\", \"Is completed\", \"Current score\"]}}]"}}, {"model": "admin.logentry", "pk": 38, "fields": {"action_time": "2023-05-08T15:39:08.822Z", "user": 2, "content_type": 17, "object_id": "6", "object_repr": "Sitting object (6)", "action_flag": 2, "change_message": "[{\"changed\": {\"fields\": [\"Current score\"]}}]"}}, {"model": "admin.logentry", "pk": 39, "fields": {"action_time": "2023-05-08T19:47:55.244Z", "user": 2, "content_type": 6, "object_id": "1", "object_repr": "Discipline object (1)", "action_flag": 1, "change_message": "[{\"added\": {}}]"}}, {"model": "admin.logentry", "pk": 40, "fields": {"action_time": "2023-05-08T19:48:01.642Z", "user": 2, "content_type": 6, "object_id": "2", "object_repr": "Discipline object (2)", "action_flag": 1, "change_message": "[{\"added\": {}}]"}}, {"model": "admin.logentry", "pk": 41, "fields": {"action_time": "2023-05-08T19:48:19.644Z", "user": 2, "content_type": 6, "object_id": "3", "object_repr": "Discipline object (3)", "action_flag": 1, "change_message": "[{\"added\": {}}]"}}, {"model": "admin.logentry", "pk": 42, "fields": {"action_time": "2023-05-08T20:37:27.688Z", "user": 2, "content_type": 14, "object_id": "3", "object_repr": "oladayoblessingo@gmail.com", "action_flag": 2, "change_message": "[{\"changed\": {\"fields\": [\"password\"]}}]"}}, {"model": "admin.logentry", "pk": 43, "fields": {"action_time": "2023-05-08T21:09:24.005Z", "user": 2, "content_type": 16, "object_id": "3", "object_repr": "oladayoblessingo@gmail.com", "action_flag": 3, "change_message": ""}}, {"model": "admin.logentry", "pk": 44, "fields": {"action_time": "2023-05-08T21:45:12.034Z", "user": 2, "content_type": 8, "object_id": "2", "object_repr": "SS1 English", "action_flag": 1, "change_message": "[{\"added\": {}}]"}}, {"model": "admin.logentry", "pk": 45, "fields": {"action_time": "2023-05-08T21:45:29.633Z", "user": 2, "content_type": 8, "object_id": "3", "object_repr": "SS1 Mathematics", "action_flag": 1, "change_message": "[{\"added\": {}}]"}}, {"model": "admin.logentry", "pk": 46, "fields": {"action_time": "2023-05-08T22:36:27.785Z", "user": 2, "content_type": 17, "object_id": "6", "object_repr": "Sitting object (6)", "action_flag": 2, "change_message": "[{\"changed\": {\"fields\": [\"Answered Questions\", \"Unanswered Questions\", \"Question choice pair\", \"Is completed\", \"Current score\"]}}]"}}, {"model": "admin.logentry", "pk": 47, "fields": {"action_time": "2023-05-11T17:25:37.680Z", "user": 2, "content_type": 14, "object_id": "2", "object_repr": "aboy@gmail.com", "action_flag": 2, "change_message": "[{\"changed\": {\"fields\": [\"Are you a student?\"]}}]"}}, {"model": "admin.logentry", "pk": 48, "fields": {"action_time": "2023-05-11T17:56:03.121Z", "user": 2, "content_type": 20, "object_id": "1", "object_repr": "SS1 CRKewe", "action_flag": 1, "change_message": "[{\"added\": {}}]"}}, {"model": "admin.logentry", "pk": 49, "fields": {"action_time": "2023-05-11T21:02:38.207Z", "user": 2, "content_type": 20, "object_id": "2", "object_repr": "SS1 CRKuyih", "action_flag": 1, "change_message": "[{\"added\": {}}]"}}, {"model": "auth.permission", "pk": 1, "fields": {"name": "Can add log entry", "content_type": 1, "codename": "add_logentry"}}, {"model": "auth.permission", "pk": 2, "fields": {"name": "Can change log entry", "content_type": 1, "codename": "change_logentry"}}, {"model": "auth.permission", "pk": 3, "fields": {"name": "Can delete log entry", "content_type": 1, "codename": "delete_logentry"}}, {"model": "auth.permission", "pk": 4, "fields": {"name": "Can view log entry", "content_type": 1, "codename": "view_logentry"}}, {"model": "auth.permission", "pk": 5, "fields": {"name": "Can add permission", "content_type": 2, "codename": "add_permission"}}, {"model": "auth.permission", "pk": 6, "fields": {"name": "Can change permission", "content_type": 2, "codename": "change_permission"}}, {"model": "auth.permission", "pk": 7, "fields": {"name": "Can delete permission", "content_type": 2, "codename": "delete_permission"}}, {"model": "auth.permission", "pk": 8, "fields": {"name": "Can view permission", "content_type": 2, "codename": "view_permission"}}, {"model": "auth.permission", "pk": 9, "fields": {"name": "Can add group", "content_type": 3, "codename": "add_group"}}, {"model": "auth.permission", "pk": 10, "fields": {"name": "Can change group", "content_type": 3, "codename": "change_group"}}, {"model": "auth.permission", "pk": 11, "fields": {"name": "Can delete group", "content_type": 3, "codename": "delete_group"}}, {"model": "auth.permission", "pk": 12, "fields": {"name": "Can view group", "content_type": 3, "codename": "view_group"}}, {"model": "auth.permission", "pk": 13, "fields": {"name": "Can add content type", "content_type": 4, "codename": "add_contenttype"}}, {"model": "auth.permission", "pk": 14, "fields": {"name": "Can change content type", "content_type": 4, "codename": "change_contenttype"}}, {"model": "auth.permission", "pk": 15, "fields": {"name": "Can delete content type", "content_type": 4, "codename": "delete_contenttype"}}, {"model": "auth.permission", "pk": 16, "fields": {"name": "Can view content type", "content_type": 4, "codename": "view_contenttype"}}, {"model": "auth.permission", "pk": 17, "fields": {"name": "Can add session", "content_type": 5, "codename": "add_session"}}, {"model": "auth.permission", "pk": 18, "fields": {"name": "Can change session", "content_type": 5, "codename": "change_session"}}, {"model": "auth.permission", "pk": 19, "fields": {"name": "Can delete session", "content_type": 5, "codename": "delete_session"}}, {"model": "auth.permission", "pk": 20, "fields": {"name": "Can view session", "content_type": 5, "codename": "view_session"}}, {"model": "auth.permission", "pk": 21, "fields": {"name": "Can add discipline", "content_type": 6, "codename": "add_discipline"}}, {"model": "auth.permission", "pk": 22, "fields": {"name": "Can change discipline", "content_type": 6, "codename": "change_discipline"}}, {"model": "auth.permission", "pk": 23, "fields": {"name": "Can delete discipline", "content_type": 6, "codename": "delete_discipline"}}, {"model": "auth.permission", "pk": 24, "fields": {"name": "Can view discipline", "content_type": 6, "codename": "view_discipline"}}, {"model": "auth.permission", "pk": 25, "fields": {"name": "Can add level", "content_type": 7, "codename": "add_level"}}, {"model": "auth.permission", "pk": 26, "fields": {"name": "Can change level", "content_type": 7, "codename": "change_level"}}, {"model": "auth.permission", "pk": 27, "fields": {"name": "Can delete level", "content_type": 7, "codename": "delete_level"}}, {"model": "auth.permission", "pk": 28, "fields": {"name": "Can view level", "content_type": 7, "codename": "view_level"}}, {"model": "auth.permission", "pk": 29, "fields": {"name": "Can add courses", "content_type": 8, "codename": "add_courses"}}, {"model": "auth.permission", "pk": 30, "fields": {"name": "Can change courses", "content_type": 8, "codename": "change_courses"}}, {"model": "auth.permission", "pk": 31, "fields": {"name": "Can delete courses", "content_type": 8, "codename": "delete_courses"}}, {"model": "auth.permission", "pk": 32, "fields": {"name": "Can view courses", "content_type": 8, "codename": "view_courses"}}, {"model": "auth.permission", "pk": 33, "fields": {"name": "Can add profile", "content_type": 9, "codename": "add_profile"}}, {"model": "auth.permission", "pk": 34, "fields": {"name": "Can change profile", "content_type": 9, "codename": "change_profile"}}, {"model": "auth.permission", "pk": 35, "fields": {"name": "Can delete profile", "content_type": 9, "codename": "delete_profile"}}, {"model": "auth.permission", "pk": 36, "fields": {"name": "Can view profile", "content_type": 9, "codename": "view_profile"}}, {"model": "auth.permission", "pk": 37, "fields": {"name": "Can add question", "content_type": 10, "codename": "add_question"}}, {"model": "auth.permission", "pk": 38, "fields": {"name": "Can change question", "content_type": 10, "codename": "change_question"}}, {"model": "auth.permission", "pk": 39, "fields": {"name": "Can delete question", "content_type": 10, "codename": "delete_question"}}, {"model": "auth.permission", "pk": 40, "fields": {"name": "Can view question", "content_type": 10, "codename": "view_question"}}, {"model": "auth.permission", "pk": 41, "fields": {"name": "Can add choice", "content_type": 11, "codename": "add_choice"}}, {"model": "auth.permission", "pk": 42, "fields": {"name": "Can change choice", "content_type": 11, "codename": "change_choice"}}, {"model": "auth.permission", "pk": 43, "fields": {"name": "Can delete choice", "content_type": 11, "codename": "delete_choice"}}, {"model": "auth.permission", "pk": 44, "fields": {"name": "Can view choice", "content_type": 11, "codename": "view_choice"}}, {"model": "auth.permission", "pk": 45, "fields": {"name": "Can add quiz", "content_type": 12, "codename": "add_quiz"}}, {"model": "auth.permission", "pk": 46, "fields": {"name": "Can change quiz", "content_type": 12, "codename": "change_quiz"}}, {"model": "auth.permission", "pk": 47, "fields": {"name": "Can delete quiz", "content_type": 12, "codename": "delete_quiz"}}, {"model": "auth.permission", "pk": 48, "fields": {"name": "Can view quiz", "content_type": 12, "codename": "view_quiz"}}, {"model": "auth.permission", "pk": 49, "fields": {"name": "Can add result", "content_type": 13, "codename": "add_result"}}, {"model": "auth.permission", "pk": 50, "fields": {"name": "Can change result", "content_type": 13, "codename": "change_result"}}, {"model": "auth.permission", "pk": 51, "fields": {"name": "Can delete result", "content_type": 13, "codename": "delete_result"}}, {"model": "auth.permission", "pk": 52, "fields": {"name": "Can view result", "content_type": 13, "codename": "view_result"}}, {"model": "auth.permission", "pk": 53, "fields": {"name": "Can add user", "content_type": 14, "codename": "add_user"}}, {"model": "auth.permission", "pk": 54, "fields": {"name": "Can change user", "content_type": 14, "codename": "change_user"}}, {"model": "auth.permission", "pk": 55, "fields": {"name": "Can delete user", "content_type": 14, "codename": "delete_user"}}, {"model": "auth.permission", "pk": 56, "fields": {"name": "Can view user", "content_type": 14, "codename": "view_user"}}, {"model": "auth.permission", "pk": 57, "fields": {"name": "Can add user guess", "content_type": 15, "codename": "add_userguess"}}, {"model": "auth.permission", "pk": 58, "fields": {"name": "Can change user guess", "content_type": 15, "codename": "change_userguess"}}, {"model": "auth.permission", "pk": 59, "fields": {"name": "Can delete user guess", "content_type": 15, "codename": "delete_userguess"}}, {"model": "auth.permission", "pk": 60, "fields": {"name": "Can view user guess", "content_type": 15, "codename": "view_userguess"}}, {"model": "auth.permission", "pk": 61, "fields": {"name": "Can add profile", "content_type": 16, "codename": "add_profile"}}, {"model": "auth.permission", "pk": 62, "fields": {"name": "Can change profile", "content_type": 16, "codename": "change_profile"}}, {"model": "auth.permission", "pk": 63, "fields": {"name": "Can delete profile", "content_type": 16, "codename": "delete_profile"}}, {"model": "auth.permission", "pk": 64, "fields": {"name": "Can view profile", "content_type": 16, "codename": "view_profile"}}, {"model": "auth.permission", "pk": 65, "fields": {"name": "Can add sitting", "content_type": 17, "codename": "add_sitting"}}, {"model": "auth.permission", "pk": 66, "fields": {"name": "Can change sitting", "content_type": 17, "codename": "change_sitting"}}, {"model": "auth.permission", "pk": 67, "fields": {"name": "Can delete sitting", "content_type": 17, "codename": "delete_sitting"}}, {"model": "auth.permission", "pk": 68, "fields": {"name": "Can view sitting", "content_type": 17, "codename": "view_sitting"}}, {"model": "auth.permission", "pk": 69, "fields": {"name": "Can add question uploads", "content_type": 18, "codename": "add_questionuploads"}}, {"model": "auth.permission", "pk": 70, "fields": {"name": "Can change question uploads", "content_type": 18, "codename": "change_questionuploads"}}, {"model": "auth.permission", "pk": 71, "fields": {"name": "Can delete question uploads", "content_type": 18, "codename": "delete_questionuploads"}}, {"model": "auth.permission", "pk": 72, "fields": {"name": "Can view question uploads", "content_type": 18, "codename": "view_questionuploads"}}, {"model": "auth.permission", "pk": 73, "fields": {"name": "Can add course template", "content_type": 19, "codename": "add_coursetemplate"}}, {"model": "auth.permission", "pk": 74, "fields": {"name": "Can change course template", "content_type": 19, "codename": "change_coursetemplate"}}, {"model": "auth.permission", "pk": 75, "fields": {"name": "Can delete course template", "content_type": 19, "codename": "delete_coursetemplate"}}, {"model": "auth.permission", "pk": 76, "fields": {"name": "Can view course template", "content_type": 19, "codename": "view_coursetemplate"}}, {"model": "auth.permission", "pk": 77, "fields": {"name": "Can add question uploads", "content_type": 20, "codename": "add_questionuploads"}}, {"model": "auth.permission", "pk": 78, "fields": {"name": "Can change question uploads", "content_type": 20, "codename": "change_questionuploads"}}, {"model": "auth.permission", "pk": 79, "fields": {"name": "Can delete question uploads", "content_type": 20, "codename": "delete_questionuploads"}}, {"model": "auth.permission", "pk": 80, "fields": {"name": "Can view question uploads", "content_type": 20, "codename": "view_questionuploads"}}, {"model": "auth.permission", "pk": 81, "fields": {"name": "Can add course template", "content_type": 21, "codename": "add_coursetemplate"}}, {"model": "auth.permission", "pk": 82, "fields": {"name": "Can change course template", "content_type": 21, "codename": "change_coursetemplate"}}, {"model": "auth.permission", "pk": 83, "fields": {"name": "Can delete course template", "content_type": 21, "codename": "delete_coursetemplate"}}, {"model": "auth.permission", "pk": 84, "fields": {"name": "Can view course template", "content_type": 21, "codename": "view_coursetemplate"}}, {"model": "auth.group", "pk": 1, "fields": {"name": "Create_view user", "permissions": [53, 56]}}, {"model": "contenttypes.contenttype", "pk": 1, "fields": {"app_label": "admin", "model": "logentry"}}, {"model": "contenttypes.contenttype", "pk": 2, "fields": {"app_label": "auth", "model": "permission"}}, {"model": "contenttypes.contenttype", "pk": 3, "fields": {"app_label": "auth", "model": "group"}}, {"model": "contenttypes.contenttype", "pk": 4, "fields": {"app_label": "contenttypes", "model": "contenttype"}}, {"model": "contenttypes.contenttype", "pk": 5, "fields": {"app_label": "sessions", "model": "session"}}, {"model": "contenttypes.contenttype", "pk": 6, "fields": {"app_label": "cbt_app", "model": "discipline"}}, {"model": "contenttypes.contenttype", "pk": 7, "fields": {"app_label": "cbt_app", "model": "level"}}, {"model": "contenttypes.contenttype", "pk": 8, "fields": {"app_label": "cbt_app", "model": "courses"}}, {"model": "contenttypes.contenttype", "pk": 9, "fields": {"app_label": "cbt_app", "model": "profile"}}, {"model": "contenttypes.contenttype", "pk": 10, "fields": {"app_label": "cbt_app", "model": "question"}}, {"model": "contenttypes.contenttype", "pk": 11, "fields": {"app_label": "cbt_app", "model": "choice"}}, {"model": "contenttypes.contenttype", "pk": 12, "fields": {"app_label": "cbt_app", "model": "quiz"}}, {"model": "contenttypes.contenttype", "pk": 13, "fields": {"app_label": "cbt_app", "model": "result"}}, {"model": "contenttypes.contenttype", "pk": 14, "fields": {"app_label": "auth1", "model": "user"}}, {"model": "contenttypes.contenttype", "pk": 15, "fields": {"app_label": "cbt_app", "model": "userguess"}}, {"model": "contenttypes.contenttype", "pk": 16, "fields": {"app_label": "auth1", "model": "profile"}}, {"model": "contenttypes.contenttype", "pk": 17, "fields": {"app_label": "cbt_app", "model": "sitting"}}, {"model": "contenttypes.contenttype", "pk": 18, "fields": {"app_label": "fileuploads_bg_processing_app", "model": "questionuploads"}}, {"model": "contenttypes.contenttype", "pk": 19, "fields": {"app_label": "fileuploads_bg_processing_app", "model": "coursetemplate"}}, {"model": "contenttypes.contenttype", "pk": 20, "fields": {"app_label": "file_processing", "model": "questionuploads"}}, {"model": "contenttypes.contenttype", "pk": 21, "fields": {"app_label": "file_processing", "model": "coursetemplate"}}, {"model": "sessions.session", "pk": "2avdk8kdpmawyznl4mm9pxwy101rnqi1", "fields": {"session_data": ".eJxVjDkOwjAURO_iGlnx90Yo6XMG6y8GB5AjxUmFuDuJlALKmfdm3irhupS0tjynUdRFGXX67Qj5mesO5IH1Pmme6jKPpHdFH7TpYZL8uh7u30HBVrZ15wECgrPGcjTZEnm0N7JxS8AAYvrch445RkcgHn2M4snkM1sJ4tTnC8ZJN4w:1prmnf:ANJpMWzS3Uqo4b9gcmCcyeOyfLAOzqYeXlWJwootqQI", "expire_date": "2023-05-10T21:35:43.279Z"}}, {"model": "sessions.session", "pk": "2ucpoq01bbz0jrokxtopr32otsofedfc", "fields": {"session_data": ".eJxVjEEOwiAQRe_C2hAYKjAu3fcMZBhQqgaS0q6Md7dNutDtf-_9twi0LiWsPc9hSuIiQJx-t0j8zHUH6UH13iS3usxTlLsiD9rl2FJ-XQ_376BQL1s9GOsoGushZxqsdwrp5gYNLlJUGYHwbFEZxWwSbBRIedRRo2VngMXnC8WZNt8:1pv0XQ:Z17n2wxY7Jr-ujsTuyuK-9jVjLyS4IplknPALaz8fEM", "expire_date": "2023-05-19T18:52:16.934Z"}}, {"model": "sessions.session", "pk": "4uhzy4858l5zu9nz6un7q1jml0nbkdyc", "fields": {"session_data": ".eJxVjMEOwiAQRP-FsyEVkAWP3vsNhF0WqRpISnsy_rtt0oMeZ96beYsQ16WEtfMcpiSuwojTb4eRnlx3kB6x3pukVpd5Qrkr8qBdji3x63a4fwcl9rKtwRvOrDwm7R2b6DNGoAuQIkLWLiubDashkwXSCZLWgzW4xbOzYFl8vg6iOLQ:1ptCTn:jVytt6fgywfZAUJB95Hd6L3FhMNBKxMmvQICj3uJlqI", "expire_date": "2023-05-14T19:13:03.109Z"}}, {"model": "sessions.session", "pk": "eiwhdq3j5va7f7twla3wk2g0xyfey9tb", "fields": {"session_data": ".eJxVjDkOwjAURO_iGlnx90Yo6XMG6y8GB5AjxUmFuDuJlALKmfdm3irhupS0tjynUdRFGXX67Qj5mesO5IH1Pmme6jKPpHdFH7TpYZL8uh7u30HBVrZ15wECgrPGcjTZEnm0N7JxS8AAYvrch445RkcgHn2M4snkM1sJ4tTnC8ZJN4w:1ptCVM:33iabWRF98ktdMESQ421wofkPB6AHfwhSsob4PaHxoc", "expire_date": "2023-05-14T19:14:40.636Z"}}, {"model": "sessions.session", "pk": "g5otgv977cukt5k63cc8nbxqgxhultk2", "fields": {"session_data": ".eJxVjEEOwiAQRe_C2hAYKjAu3fcMZBhQqgaS0q6Md7dNutDtf-_9twi0LiWsPc9hSuIiQJx-t0j8zHUH6UH13iS3usxTlLsiD9rl2FJ-XQ_376BQL1s9GOsoGushZxqsdwrp5gYNLlJUGYHwbFEZxWwSbBRIedRRo2VngMXnC8WZNt8:1pw7bs:g6UQh5caNWnnjGohbx0xAyVxr3wJxnonzXbUhtAAPvo", "expire_date": "2023-05-22T20:37:28.093Z"}}, {"model": "sessions.session", "pk": "su6l5s6qzjvms68sriekxrgd8p77nwyr", "fields": {"session_data": ".eJxVjDkOwjAURO_iGlnx90Yo6XMG6y8GB5AjxUmFuDuJlALKmfdm3irhupS0tjynUdRFGXX67Qj5mesO5IH1Pmme6jKPpHdFH7TpYZL8uh7u30HBVrZ15wECgrPGcjTZEnm0N7JxS8AAYvrch445RkcgHn2M4snkM1sJ4tTnC8ZJN4w:1pxDw2:m6vKuaKns53FU46N2R1UabcbnR966UMshDpWOCqerMw", "expire_date": "2023-05-25T21:34:50.731Z"}}, {"model": "sessions.session", "pk": "xyx3atlccdtaoylnc4et9hanvmfadu6o", "fields": {"session_data": ".eJxVjEEOwiAQRe_C2hAYKjAu3fcMZBhQqgaS0q6Md7dNutDtf-_9twi0LiWsPc9hSuIiQJx-t0j8zHUH6UH13iS3usxTlLsiD9rl2FJ-XQ_376BQL1s9GOsoGushZxqsdwrp5gYNLlJUGYHwbFEZxWwSbBRIedRRo2VngMXnC8WZNt8:1ptBL3:3Lx87UkD5MG6INmOnel9p8cZNpfrVOBL06kDc12UIpo", "expire_date": "2023-05-14T17:59:57.110Z"}}, {"model": "cbt_app.discipline", "pk": 1, "fields": {"name": "Science"}}, {"model": "cbt_app.discipline", "pk": 2, "fields": {"name": "Art"}}, {"model": "cbt_app.discipline", "pk": 3, "fields": {"name": "Financial Art"}}, {"model": "cbt_app.level", "pk": 1, "fields": {"name": "SS1"}}, {"model": "cbt_app.courses", "pk": 1, "fields": {"name": "CRK", "level": 1}}, {"model": "cbt_app.courses", "pk": 2, "fields": {"name": "English", "level": 1}}, {"model": "cbt_app.courses", "pk": 3, "fields": {"name": "Mathematics", "level": 1}}, {"model": "cbt_app.question", "pk": 1, "fields": {"content": "how old was Jesus when he began his earthly ministry?", "answer_order": "random"}}, {"model": "cbt_app.question", "pk": 2, "fields": {"content": "how old was Jesus when He died", "answer_order": "random"}}, {"model": "cbt_app.question", "pk": 3, "fields": {"content": "who was the earthly father of Jesus", "answer_order": "random"}}, {"model": "cbt_app.question", "pk": 4, "fields": {"content": "who was Jesus most beloved deciple?", "answer_order": "random"}}, {"model": "cbt_app.question", "pk": 5, "fields": {"content": "How many disciples were with Jesus at the mount of Transfiguration?", "answer_order": "random"}}, {"model": "cbt_app.question", "pk": 6, "fields": {"content": "Why was John thrown into prison by Herod?", "answer_order": "random"}}, {"model": "cbt_app.choice", "pk": 1, "fields": {"question": 1, "content": "31", "is_answer": false}}, {"model": "cbt_app.choice", "pk": 2, "fields": {"question": 1, "content": "12", "is_answer": false}}, {"model": "cbt_app.choice", "pk": 3, "fields": {"question": 1, "content": "30", "is_answer": true}}, {"model": "cbt_app.choice", "pk": 4, "fields": {"question": 2, "content": "31", "is_answer": false}}, {"model": "cbt_app.choice", "pk": 5, "fields": {"question": 2, "content": "33", "is_answer": true}}, {"model": "cbt_app.choice", "pk": 6, "fields": {"question": 2, "content": "12", "is_answer": false}}, {"model": "cbt_app.choice", "pk": 7, "fields": {"question": 3, "content": "Joseph", "is_answer": true}}, {"model": "cbt_app.choice", "pk": 8, "fields": {"question": 3, "content": "Peter", "is_answer": false}}, {"model": "cbt_app.choice", "pk": 9, "fields": {"question": 3, "content": "Simon", "is_answer": false}}, {"model": "cbt_app.choice", "pk": 10, "fields": {"question": 4, "content": "John", "is_answer": true}}, {"model": "cbt_app.choice", "pk": 11, "fields": {"question": 4, "content": "Peter", "is_answer": false}}, {"model": "cbt_app.choice", "pk": 12, "fields": {"question": 4, "content": "Philip", "is_answer": false}}, {"model": "cbt_app.choice", "pk": 13, "fields": {"question": 5, "content": "2", "is_answer": false}}, {"model": "cbt_app.choice", "pk": 14, "fields": {"question": 5, "content": "3", "is_answer": true}}, {"model": "cbt_app.choice", "pk": 15, "fields": {"question": 5, "content": "4", "is_answer": false}}, {"model": "cbt_app.choice", "pk": 16, "fields": {"question": 6, "content": "He condemned Herod for taking his brothers wife Herodias", "is_answer": true}}, {"model": "cbt_app.choice", "pk": 17, "fields": {"question": 6, "content": "He drag the kingdom with Herod", "is_answer": false}}, {"model": "cbt_app.choice", "pk": 18, "fields": {"question": 6, "content": "he disturb the law makers", "is_answer": false}}, {"model": "cbt_app.quiz", "pk": 1, "fields": {"title": "1st term Exams 2022", "examiner": 1, "course": 1, "level": 1, "single_attempt": true, "random_order": true, "max_questions": 8, "duration": 14, "start_time": "2023-04-24T00:08:48.985Z", "end_time": "2023-04-24T00:08:38Z", "questions": [1, 2, 3, 4, 5, 6]}}, {"model": "cbt_app.sitting", "pk": 6, "fields": {"user": 2, "quiz": 1, "question_all": "6,3,1,4,5,2", "question_attempted": "0,3,2,4,6,5,1", "question_unattempted": "", "question_failed": "0", "question_passed": "0", "question_choice_pair": "{\"3\": 8, \"4\": 10, \"6\": 17, \"5\": 14, \"1\": 1}", "is_completed": true, "current_score": 2, "start_time": "2023-05-05T20:05:18.511Z", "end_time": null}}, {"model": "cbt_app.sitting", "pk": 7, "fields": {"user": 1, "quiz": 1, "question_all": "1,3,6,2,4,5", "question_attempted": "1,3,6,2,5,4", "question_unattempted": "", "question_failed": "", "question_passed": "", "question_choice_pair": "{\"1\": 3, \"3\": 7, \"6\": 16, \"2\": 5, \"5\": 14, \"4\": 10}", "is_completed": true, "current_score": 0, "start_time": "2023-05-08T08:00:51.319Z", "end_time": null}}, {"model": "cbt_app.sitting", "pk": 8, "fields": {"user": 3, "quiz": 1, "question_all": "3,4,1,2,6,5", "question_attempted": "3,4,1,2,5,6", "question_unattempted": "", "question_failed": "", "question_passed": "", "question_choice_pair": "{\"3\": 7, \"4\": 10, \"1\": 3, \"2\": 5, \"5\": 14, \"6\": 16}", "is_completed": true, "current_score": 6, "start_time": "2023-05-08T20:37:57.752Z", "end_time": null}}, {"model": "cbt_app.sitting", "pk": 9, "fields": {"user": 5, "quiz": 1, "question_all": "3,4,6,1,2,5", "question_attempted": "4,3,6,1,2,5", "question_unattempted": "", "question_failed": "", "question_passed": "", "question_choice_pair": "{\"4\": 12, \"3\": 8, \"6\": 16, \"1\": 3, \"2\": 5, \"5\": 13}", "is_completed": true, "current_score": 3, "start_time": "2023-05-11T09:01:05.506Z", "end_time": null}}, {"model": "auth1.user", "pk": 1, "fields": {"password": "pbkdf2_sha256$390000$34qXpfiLyRIvrOxxdHf8aV$qr5i3A44YDuzKUVNnEqGEJwO8l5OwDgPaOYFh7+eBEQ=", "last_login": "2023-05-11T21:34:50.638Z", "is_superuser": false, "username": "clement", "is_staff": true, "is_active": true, "date_joined": "2023-04-23T23:43:26Z", "first_name": "CLEMENT", "last_name": "IDEMUDO", "email": "clemcy9@gmail.com", "is_student": false, "groups": [1], "user_permissions": []}}, {"model": "auth1.user", "pk": 2, "fields": {"password": "pbkdf2_sha256$390000$PGiA4k29js2bObDULynys2$isdL1IkNryWjDEuGMQRwo1+RnfUZUYgbSGCkW3ZvMT4=", "last_login": "2023-05-11T17:39:35.084Z", "is_superuser": true, "username": "aboy", "is_staff": true, "is_active": true, "date_joined": "2023-04-23T23:52:31Z", "first_name": "aboy", "last_name": "idemudo", "email": "aboy@gmail.com", "is_student": false, "groups": [], "user_permissions": []}}, {"model": "auth1.user", "pk": 3, "fields": {"password": "pbkdf2_sha256$390000$IKRPsx7VO9yHTIJ0M51GpY$pMajI/FAS4Ti1Ro7nQorYB2zFTp5Dt9VggjeZF0i6nE=", "last_login": "2023-05-08T21:07:42.297Z", "is_superuser": false, "username": "Blessing", "is_staff": false, "is_active": true, "date_joined": "2023-04-30T17:12:00.541Z", "first_name": "Blessing", "last_name": "Oju", "email": "oladayoblessingo@gmail.com", "is_student": false, "groups": [], "user_permissions": []}}, {"model": "auth1.user", "pk": 4, "fields": {"password": "pbkdf2_sha256$390000$NxyVvJUZmfxmqlVlflR7HP$0w0M3RLGCeO3QRKoGYWjLN663ZaNywV9mT++caEJRe8=", "last_login": "2023-04-30T19:13:02.964Z", "is_superuser": false, "username": "NIG", "is_staff": false, "is_active": true, "date_joined": "2023-04-30T19:12:31.487Z", "first_name": "Nathaniel", "last_name": "Ishaya Galadima", "email": "ngaladimaishaya9090@gmail.com", "is_student": true, "groups": [], "user_permissions": []}}, {"model": "auth1.user", "pk": 5, "fields": {"password": "pbkdf2_sha256$390000$ymPp0c15LrVqrrOKw8JovF$PMBJ9qcsGuWowduWRqlWmiH6NgskgpIwYix68NS2vVk=", "last_login": "2023-05-11T09:00:27.811Z", "is_superuser": false, "username": "Abiodun", "is_staff": false, "is_active": true, "date_joined": "2023-05-11T09:00:06.889Z", "first_name": "Habeeb", "last_name": "Abiodun", "email": "jimoh5050@gmail.com", "is_student": false, "groups": [], "user_permissions": []}}, {"model": "auth1.user", "pk": 6, "fields": {"password": "pbkdf2_sha256$390000$SxIf2qLtlUZeBh8kpmrIql$2hBJpqTKqbX2n4qTPbjxre014fca92N1Gc7Iq5KZQSY=", "last_login": null, "is_superuser": false, "username": "clement12", "is_staff": false, "is_active": true, "date_joined": "2023-05-11T17:59:18.086Z", "first_name": "CLEMENT1", "last_name": "IDEMUDO", "email": "clemcy99@gmail.com", "is_student": false, "groups": [], "user_permissions": []}}, {"model": "auth1.profile", "pk": 1, "fields": {"user": 1, "phone_number": "", "discipline": null, "current_level": null, "courses": []}}, {"model": "auth1.profile", "pk": 2, "fields": {"user": 2, "phone_number": "07066186691", "discipline": 2, "current_level": 1, "courses": [1, 2, 3]}}, {"model": "auth1.profile", "pk": 4, "fields": {"user": 3, "phone_number": "08082841078", "discipline": 3, "current_level": 1, "courses": [1, 2, 3]}}]
